{
  "ResumeParserData": {
    "ResumeFileName": "",
    "ResumeLanguage": {
      "Language": "English",
      "LanguageCode": "en"
    },
    "ParsingDate": "",
    "ResumeCountry": {
      "Country": "India",
      "Evidence": "APJ Abdul Kalam Technological University",
      "CountryCode": {
        "IsoAlpha2": "IN",
        "IsoAlpha3": "IND",
        "UNCode": "356"
      }
    },
    "Name": {
      "FullName": "Abhishek Bhardwaj",
      "TitleName": "",
      "FirstName": "Abhishek",
      "MiddleName": "",
      "LastName": "Bhardwaj",
      "FormattedName": "Abhishek Bhardwaj",
      "ConfidenceScore": 0
    },
    "DateOfBirth": "",
    "Gender": "",
    "FatherName": "",
    "MotherName": "",
    "MaritalStatus": "",
    "Nationality": "",
    "LanguageKnown": [
      {
        "Language": "English",
        "LanguageCode": "en"
      },
      {
        "Language": "Hindi",
        "LanguageCode": "hi"
      }
    ],
    "UniqueID": "",
    "LicenseNo": "",
    "PassportDetail": {
      "PassportNumber": "",
      "DateOfExpiry": "",
      "DateOfIssue": "",
      "PlaceOfIssue": ""
    },
    "PanNo": "",
    "VisaStatus": "",
    "Email": [
      {
        "EmailAddress": "abhishek.hcst14@gmail.com",
        "ConfidenceScore": 0
      }
    ],
    "PhoneNumber": [
      {
        "Number": "9716026667",
        "ISDCode": "+91",
        "OriginalNumber": "9716026667",
        "FormattedNumber": "+91 9716026667",
        "Type": "Home",
        "ConfidenceScore": 0
      }
    ],
    "WebSite": [
      {
        "Type": "LinkedIn",
        "Url": "https://www.linkedin.com/in/abhishekbhardwaj14"
      }
    ],
    "Address": [],
    "Category": "",
    "SubCategory": "",
    "CurrentSalary": {
      "Amount": "",
      "Symbol": "",
      "Currency": "",
      "Unit": "",
      "Text": ""
    },
    "ExpectedSalary": {
      "Amount": "",
      "Symbol": "",
      "Currency": "",
      "Unit": "",
      "Text": ""
    },
    "Qualification": "",
    "SegregatedQualification": [
      {
        "Institution": {
          "Name": "APJ Abdul Kalam Technological University",
          "Type": "University",
          "ConfidenceScore": 0,
          "Location": {
            "City": "",
            "State": "",
            "StateIsoCode": "",
            "Country": "India",
            "CountryCode": {
              "IsoAlpha2": "IN",
              "IsoAlpha3": "IND",
              "UNCode": "356"
            }
          }
        },
        "Degree": {
          "DegreeName": "Bachelor of Technology",
          "NormalizeDegree": "B.Tech",
          "Specialization": [
            "Computer Science & Engineering"
          ],
          "ConfidenceScore": 0
        },
        "FormattedDegreePeriod": "2008-2012",
        "StartDate": "2008",
        "EndDate": "2012",
        "Aggregate": {
          "Value": "",
          "MeasureType": ""
        }
      }
    ],
    "Certification": "",
    "SegregatedCertification": [
      {
        "CertificationTitle": "AWS Knowledge: Amazon EKS",
        "Authority": "AWS",
        "CertificationCode": "",
        "IsExpiry": "",
        "StartDate": "",
        "EndDate": "",
        "CertificationUrl": ""
      },
      {
        "CertificationTitle": "aws-certified-solutions-architect-associate-saa-c03",
        "Authority": "AWS",
        "CertificationCode": "",
        "IsExpiry": "",
        "StartDate": "",
        "EndDate": "",
        "CertificationUrl": ""
      }
    ],
    "SkillBlock": "",
    "SkillKeywords": "",
    "SegregatedSkill": [
      {
        "Type": "Programming Language",
        "Skill": "Java",
        "Ontology": "",
        "Alias": "",
        "FormattedName": "Java",
        "Evidence": "",
        "LastUsed": "",
        "ExperienceInMonths": 0
      },
      {
        "Type": "Programming Language",
        "Skill": "J2SE",
        "Ontology": "",
        "Alias": "",
        "FormattedName": "J2SE",
        "Evidence": "",
        "LastUsed": "",
        "ExperienceInMonths": 0
      },
      {
        "Type": "Framework",
        "Skill": "Spring-boot",
        "Ontology": "",
        "Alias": "",
        "FormattedName": "Spring-boot",
        "Evidence": "",
        "LastUsed": "",
        "ExperienceInMonths": 0
      },
      {
        "Type": "Database",
        "Skill": "MySQL",
        "Ontology": "",
        "Alias": "",
        "FormattedName": "MySQL",
        "Evidence": "",
        "LastUsed": "",
        "ExperienceInMonths": 0
      },
      {
        "Type": "Cloud",
        "Skill": "AWS",
        "Ontology": "",
        "Alias": "",
        "FormattedName": "AWS",
        "Evidence": "",
        "LastUsed": "",
        "ExperienceInMonths": 0
      }
    ],
    "Experience": "",
    "SegregatedExperience": [
      {
        "Employer": {
          "EmployerName": "adidas",
          "FormattedName": "adidas",
          "ConfidenceScore": 0
        },
        "JobProfile": {
          "Title": "Senior Software Engineer",
          "FormattedName": "Senior Software Engineer",
          "Alias": "",
          "RelatedSkills": [
            {
              "Skill": "Java",
              "ProficiencyLevel": ""
            },
            {
              "Skill": "Spring-boot",
              "ProficiencyLevel": ""
            }
          ],
          "ConfidenceScore": 0
        },
        "Location": {
          "City": "",
          "State": "",
          "StateIsoCode": "",
          "Country": "",
          "CountryCode": {
            "IsoAlpha2": "",
            "IsoAlpha3": "",
            "UNCode": ""
          }
        },
        "JobPeriod": "October 2023 - Present",
        "FormattedJobPeriod": "October 2023 - Present",
        "StartDate": "October 2023",
        "EndDate": "Present",
        "IsCurrentEmployer": "true",
        "JobDescription": "",
        "Projects": []
      },
      {
        "Employer": {
          "EmployerName": "UnitedHealth Group",
          "FormattedName": "UnitedHealth Group",
          "ConfidenceScore": 0
        },
        "JobProfile": {
          "Title": "Full-stack Developer",
          "FormattedName": "Full-stack Developer",
          "Alias": "",
          "RelatedSkills": [
            {
              "Skill": "Java",
              "ProficiencyLevel": ""
            },
            {
              "Skill": "Spring-boot",
              "ProficiencyLevel": ""
            }
          ],
          "ConfidenceScore": 0
        },
        "Location": {
          "City": "",
          "State": "",
          "StateIsoCode": "",
          "Country": "",
          "CountryCode": {
            "IsoAlpha2": "",
            "IsoAlpha3": "",
            "UNCode": ""
          }
        },
        "JobPeriod": "October 2018 - January 2022",
        "FormattedJobPeriod": "October 2018 - January 2022",
        "StartDate": "October 2018",
        "EndDate": "January 2022",
        "IsCurrentEmployer": "false",
        "JobDescription": "",
        "Projects": []
      },
      {
        "Employer": {
          "EmployerName": "HCL Technologies",
          "FormattedName": "HCL Technologies",
          "ConfidenceScore": 0
        },
        "JobProfile": {
          "Title": "Lead Engineer",
          "FormattedName": "Lead Engineer",
          "Alias": "",
          "RelatedSkills": [
            {
              "Skill": "Java",
              "ProficiencyLevel": ""
            },
            {
              "Skill": "Spring-boot",
              "ProficiencyLevel": ""
            }
          ],
          "ConfidenceScore": 0
        },
        "Location": {
          "City": "",
          "State": "",
          "StateIsoCode": "",
          "Country": "",
          "CountryCode": {
            "IsoAlpha2": "",
            "IsoAlpha3": "",
            "UNCode": ""
          }
        },
        "JobPeriod": "December 2016 - September 2018",
        "FormattedJobPeriod": "December 2016 - September 2018",
        "StartDate": "December 2016",
        "EndDate": "September 2018",
        "IsCurrentEmployer": "false",
        "JobDescription": "",
        "Projects": []
      },
      {
        "Employer": {
          "EmployerName": "Publicis Sapient",
          "FormattedName": "Publicis Sapient",
          "ConfidenceScore": 0
        },
        "JobProfile": {
          "Title": "Associate Technology",
          "FormattedName": "Associate Technology",
          "Alias": "",
          "RelatedSkills": [
            {
              "Skill": "Java",
              "ProficiencyLevel": ""
            },
            {
              "Skill": "Spring-boot",
              "ProficiencyLevel": ""
            }
          ],
          "ConfidenceScore": 0
        },
        "Location": {
          "City": "",
          "State": "",
          "StateIsoCode": "",
          "Country": "",
          "CountryCode": {
            "IsoAlpha2": "",
            "IsoAlpha3": "",
            "UNCode": ""
          }
        },
        "JobPeriod": "August 2015 - December 2016",
        "FormattedJobPeriod": "August 2015 - December 2016",
        "StartDate": "August 2015",
        "EndDate": "December 2016",
        "IsCurrentEmployer": "false",
        "JobDescription": "",
        "Projects": []
      },
      {
        "Employer": {
          "EmployerName": "Zepo.in",
          "FormattedName": "Zepo.in",
          "ConfidenceScore": 0
        },
        "JobProfile": {
          "Title": "Software Engineer",
          "FormattedName": "Software Engineer",
          "Alias": "",
          "RelatedSkills": [
            {
              "Skill": "Java",
              "ProficiencyLevel": ""
            },
            {
              "Skill": "Spring-boot",
              "ProficiencyLevel": ""
            }
          ],
          "ConfidenceScore": 0
        },
        "Location": {
          "City": "",
          "State": "",
          "StateIsoCode": "",
          "Country": "",
          "CountryCode": {
            "IsoAlpha2": "",
            "IsoAlpha3": "",
            "UNCode": ""
          }
        },
        "JobPeriod": "March 2014 - August 2015",
        "FormattedJobPeriod": "March 2014 - August 2015",
        "StartDate": "March 2014",
        "EndDate": "August 2015",
        "IsCurrentEmployer": "false",
        "JobDescription": "",
        "Projects": []
      },
      {
        "Employer": {
          "EmployerName": "Mootly Inc.",
          "FormattedName": "Mootly Inc.",
          "ConfidenceScore": 0
        },
        "JobProfile": {
          "Title": "Software Engineer",
          "FormattedName": "Software Engineer",
          "Alias": "",
          "RelatedSkills": [
            {
              "Skill": "Java",
              "ProficiencyLevel": ""
            },
            {
              "Skill": "Spring-boot",
              "ProficiencyLevel": ""
            }
          ],
          "ConfidenceScore": 0
        },
        "Location": {
          "City": "",
          "State": "",
          "StateIsoCode": "",
          "Country": "",
          "CountryCode": {
            "IsoAlpha2": "",
            "IsoAlpha3": "",
            "UNCode": ""
          }
        },
        "JobPeriod": "October 2012 - February 2014",
        "FormattedJobPeriod": "October 2012 - February 2014",
        "StartDate": "October 2012",
        "EndDate": "February 2014",
        "IsCurrentEmployer": "false",
        "JobDescription": "",
        "Projects": []
      }
    ],
    "CurrentEmployer": "adidas",
    "JobProfile": "Senior Software Engineer",
    "WorkedPeriod": {
      "TotalExperienceInMonths": 0,
      "TotalExperienceInYear": 0,
      "TotalExperienceRange": ""
    },
    "GapPeriod": "",
    "AverageStay": "",
    "LongestStay": "",
    "Summary": "Enthusiastic Full-stack Developer with knowledge of Microservice, Spring-boot, Cloud, Docker, Kubernetes, Angular, React, Node js & DevOps",
    "ExecutiveSummary": "",
    "ManagementSummary": "",
    "Coverletter": "",
    "Publication": "",
    "SegregatedPublication": [],
    "CurrentLocation": [],
    "PreferredLocation": [],
    "Availability": "",
    "Hobbies": "",
    "Objectives": "",
    "Achievements": "",
    "SegregatedAchievement": [
      {
        "AwardTitle": "Among Top 3 Student",
        "Issuer": "",
        "AssociatedWith": "",
        "IssuingDate": "",
        "Description": ""
      },
      {
        "AwardTitle": "Step up award",
        "Issuer": "",
        "AssociatedWith": "",
        "IssuingDate": "",
        "Description": ""
      },
      {
        "AwardTitle": "Accountability",
        "Issuer": "",
        "AssociatedWith": "",
        "IssuingDate": "",
        "Description": ""
      },
      {
        "AwardTitle": "Aquamarine award for performance",
        "Issuer": "",
        "AssociatedWith": "",
        "IssuingDate": "",
        "Description": ""
      },
      {
        "AwardTitle": "Aquamarine award for innovation",
        "Issuer": "",
        "AssociatedWith": "",
        "IssuingDate": "",
        "Description": ""
      }
    ],
    "References": "",
    "CustomFields": "",
    "EmailInfo": {
      "EmailTo": "",
      "EmailBody": "",
      "EmailReplyTo": "",
      "EmailSignature": "",
      "EmailFrom": "",
      "EmailSubject": "",
      "EmailCC": ""
    },
    "Recommendations": [],
    "DetailResume": "",
    "CandidateImage": {
      "CandidateImageData": "",
      "CandidateImageFormat": ""
    },
    "TemplateOutput": {
      "TemplateOutputFileName": "",
      "TemplateOutputData": ""
    },
    "ApiInfo": {
      "Metered": "",
      "CreditLeft": "",
      "AccountExpiryDate": "",
      "BuildVersion": ""
    }
  },
  "ResumeQuality": [
    {
      "Level": "",
      "Findings": [
        {
          "QualityCode": "",
          "SectionIdentifiers": [
            {
              "SectionType": "",
              "Id": ""
            }
          ],
          "Message": ""
        }
      ]
    }
  ]
}